,precision,recall,f1-score,support
Não Hospitalizado,0.9838022165387894,0.17535328977359063,0.29765282434872326,6581.0
Hospitalizado,0.48898305084745763,0.9963545663852648,0.6560131379484588,5212.0
accuracy,0.5382006274908844,0.5382006274908844,0.5382006274908844,0.5382006274908844
macro avg,0.7363926336931235,0.5858539280794277,0.4768329811485911,11793.0
weighted avg,0.765113376414714,0.5382006274908844,0.4560327068622331,11793.0
