{
  "features": [
    "CS_SEXO",
    "FEBRE",
    "VOMITO",
    "MIALGIA",
    "CEFALEIA",
    "EXANTEMA"
  ],
  "n_samples": 58963,
  "train_size": 47170,
  "test_size": 11793,
  "roc_auc_test": 0.9791695359428518,
  "accuracy_test": 0.9799881285508353,
  "brier_test": 0.01931896592580488,
  "cv_roc_mean": 0.9774081141735091,
  "cv_roc_std": 0.0017741682156303827
}